Tcfap2a,1.33161931106037,1.04523815364296,1.64621478470355,1.48416541881536e-05,1.51852109980646e-05
Tcfap2b,3.86444942843715,3.28482490294599,4.43222677379125,2.27508801318653e-210,5.09158937634657e-210
Tcfap2c,1.90540097556961,1.55884971170836,2.22454581156253,4.03590023878832e-27,4.5448863835527e-27
Tcfap2e,1.57635271809392,1.18959776775535,2.00050086569017,9.91701447887123e-13,1.04489163281551e-12
Tcfap2d,1.54712121381349,1.3318981174247,1.75462167610123,1.04049190333956e-11,1.09109708487802e-11
Arid3b,3.55837323108463,3.05133867187823,4.03237058289486,2.10186054422156e-171,4.00440672649108e-171
Arid3a,2.92454375505426,2.4398462149527,3.34525817317871,1.29526498345333e-102,1.90835707562124e-102
Arid5b,1.78327117214941,1.5094697750005,2.04572297550289,3.59586352559156e-21,3.93408831265215e-21
Arid5a,3.1588586771827,2.72507875791833,3.53045542783155,3.73882551061103e-126,6.06444358051405e-126
Arid3c,2.51387895644897,2.14567853890503,2.84483421745971,7.95476725878889e-67,1.03108713442366e-66
Arid2,2.52076683900468,2.16738809629403,2.8436485870373,2.28432786752164e-67,2.96962622777813e-67
Setbp1,1.84983193020106,1.44164149779338,2.16101537993539,2.51350306427002e-24,2.80902238788204e-24
Ahctf1,2.66828775786546,2.28823480192617,3.01661519166327,1.868188648836e-79,2.53294289198009e-79
Hmga2,2.4517487848225,1.95876889370037,2.90355270683748,4.9776710169612e-62,6.36796118522966e-62
Phf21a,2.89889487113362,2.44839519517129,3.324927712186,3.57042037684329e-100,5.19120331106821e-100
Zfp957,1.49991578705914,1.01261575944633,2.01379728330488,3.74659463227436e-10,3.90104788566612e-10
Tcfe3,4.11572088338506,3.42771125621733,4.77640875534505,4.10543326636977e-245,1.01374385683544e-244
Mnt,3.40646282997603,2.93352125610448,3.85727091189253,1.9136546178167e-153,3.41062637530234e-153
Npas1,2.52861551978946,2.1265642432231,2.89407774691117,5.48081832119259e-68,7.16722395848262e-68
Tcfap4,7.69209664039752,5.91765168341597,9.26183454070211,0,0
Twist2,2.65608324071213,2.2207746828633,3.08183779286931,2.02392629341807e-78,2.72321285141793e-78
Id3,23.0652974565259,19.1491338082828,26.2946661729603,0,0
Ascl2,16.4637799459768,12.9968595220527,19.4500832231294,0,0
Myod1,18.6985572839719,14.5086862784407,22.3267526984252,0,0
Arnt,3.34608079391875,2.746497631855,3.94363851919701,1.46001616828813e-146,2.52080916555998e-146
Arnt2,3.33043150007944,2.65345427754053,3.99467694872323,8.39956311008335e-145,1.43621156466415e-144
Mlx,3.25984527162727,2.63738738699979,3.89414974009062,5.4955684349723e-137,9.18352078736391e-137
Ahr,1.60492135197505,1.30466082950492,1.87488946591998,9.05610860575164e-14,9.57607656397661e-14
Hey2,3.03635452051279,2.46610890724547,3.62499884624995,1.44208754165249e-113,2.16803637214422e-113
Sim1,2.52861551978946,2.1265642432231,2.89407774691117,5.48081832119259e-68,7.16722395848262e-68
Tcf3,22.1901712200134,18.5625425243782,25.1887453651088,0,0
Srebf1,3.39883012071811,2.7861538763785,3.95296186167527,1.44517130362617e-152,2.54996293893321e-152
Id2,3.32175256087837,2.62675179192204,4.00314346317166,7.87121047490003e-144,1.32789123278848e-143
Npas3,2.52861551978946,2.1265642432231,2.89407774691117,5.48081832119259e-68,7.16722395848262e-68
Id4,23.0652974565259,19.1491338082828,26.2946661729603,0,0
Ahrr,1.60492135197505,1.30466082950492,1.87488946591998,9.05610860575164e-14,9.57607656397661e-14
Myc,2.8971741239849,2.44890499819305,3.29530173135421,5.19362953192588e-100,7.5265057479057e-100
Srebf2,2.69226430393842,2.24394413722252,3.10803580769326,1.66099240494832e-81,2.26942393504531e-81
Hes1,2.33428636075851,1.93939447351307,2.6809852843224,2.05315730471283e-53,2.58545734667542e-53
Hes7,1.97417881865267,1.64552416978558,2.25856034158535,8.88341775168939e-31,1.01853972665284e-30
Tcfeb,4.11776822391649,3.40480172171122,4.88425324841588,2.08989978608126e-245,5.17498994648692e-245
Bhlhe22,2.78030920156958,2.42981947848485,3.08778925296356,3.03907551075126e-89,4.25085878402549e-89
Msc,5.74070978688056,4.65612412474958,6.68300544510225,0,0
Npas2,2.91681111661277,2.42840709967853,3.37187766145933,7.09460328663174e-102,1.0435323303465e-101
Myog,17.4921465246642,13.1287341567911,21.6286873141505,0,0
Usf1,3.43781554992898,2.8475285674888,4.03117245508799,4.47357858779975e-157,8.08720546342531e-157
Ptf1a,4.40480836829453,3.71670161596825,4.95118342626551,3.91550518714552e-288,1.10584874934078e-287
Sohlh2,1.91619298947283,1.6894418718365,2.10375213788811,1.11311668790013e-27,1.25669878940449e-27
Neurog2,2.62123884422743,2.11390568924269,3.09128290316766,1.68305782373151e-75,2.2508670441432e-75
Mycl1,2.80458402643677,2.1702917465486,3.38881291016819,1.96198583558439e-91,2.77503276585056e-91
Hes2,2.24299254130233,1.73682525609344,2.76032507907288,3.93692981271375e-47,4.81361819424475e-47
Clock,2.15501909252589,1.80974110440823,2.50626257893191,2.00875504615014e-41,2.40289507550301e-41
Tcfec,4.22789469422423,3.47291981543523,5.02246098638233,2.02409683775725e-261,5.32530239457561e-261
Figla,16.3309170323951,13.6730863729229,18.4454876016362,0,0
Bhlhe40,3.48444814541145,2.84297281904135,4.1130856268046,1.50364945328972e-162,2.79249184182376e-162
Bhlhe41,3.33733086851936,2.75252117759621,3.88934823646409,1.41115261006149e-145,2.42696285465829e-145
Mesp2,22.9178123145764,19.1533580311527,25.8581530715578,0,0
Mesp1,22.9178123145764,19.1533580311527,25.8581530715578,0,0
Tcf12,21.6428906178371,18.043969737961,24.6243933304227,0,0
Heyl,3.03635452051279,2.46610890724547,3.62499884624995,1.44208754165249e-113,2.16803637214422e-113
Scx,5.08017815619672,4.02490022967593,6.03878441029498,0,0
Mitf,4.14392342106508,3.45084283201871,4.8157428300328,3.62755578173986e-249,9.11011167914214e-249
Myf6,11.3516893159643,9.28463121490731,12.9552867069733,0,0
Atoh7,2.31529251940478,1.98136415190372,2.64032802668948,4.46176475511834e-52,5.57878365420738e-52
Mycn,2.80458402643677,2.1702917465486,3.38881291016819,1.96198583558439e-91,2.77503276585056e-91
Hand1,2.30144008089443,1.67533702420888,2.95585226873029,4.11870151914881e-51,5.12086096051694e-51
Atoh8,15.3024296445731,12.9251943255634,17.2412538669433,0,0
Hand2,2.30144008089443,1.67533702420888,2.95585226873029,4.11870151914881e-51,5.12086096051694e-51
Neurod2,1.84992591311504,1.61321815673934,2.04548892580363,2.48699923321213e-24,2.78292066096142e-24
Mlxip,3.1438509289088,2.57028398438739,3.65325416873414,1.40412433640968e-124,2.22047569478741e-124
Tcfl5,2.89777306172704,2.47445997109066,3.28907681365882,4.55864841608559e-100,6.61715139543459e-100
Olig2,1.63082769126796,1.34002291569639,1.87478539667809,9.52784834108055e-15,1.0172243881057e-14
Hey1,3.03635452051279,2.46610890724547,3.62499884624995,1.44208754165249e-113,2.16803637214422e-113
Id1,3.32175256087837,2.62675179192204,4.00314346317166,7.87121047490003e-144,1.32789123278848e-143
Neurog3,2.62123884422743,2.11390568924269,3.09128290316766,1.68305782373151e-75,2.2508670441432e-75
Mycs,2.80458402643677,2.1702917465486,3.38881291016819,1.96198583558439e-91,2.77503276585056e-91
Bhlhe23,1.91999107908505,1.68424071990565,2.12700817736461,7.05311990817607e-28,8.014084831398e-28
Olig3,1.3095400019664,1.09079955353093,1.48616223271356,4.58758118923672e-05,4.68834886853787e-05
Tcf21,10.2105524762462,7.83628376533943,12.1925792332143,0,0
Npas4,1.65966199267559,1.30131278223801,1.97953158010618,7.10021996896908e-16,7.63575967465775e-16
Olig1,1.7594288418936,1.47740398408652,2.0069001826367,4.31293732114974e-20,4.68958990393158e-20
Ferd3l,12.263960787094,9.70457040377918,14.3676705597147,0,0
Hes5,2.097482730817,1.74031623898803,2.45832382926507,7.07761585972856e-38,8.37565250334679e-38
Nhlh2,14.3649979435439,11.0673961089676,17.4379255426937,0,0
Neurog1,1.80943068700273,1.52285990958323,2.04672346398955,2.19134056467304e-22,2.42143132396371e-22
Nhlh1,10.7811600853738,8.33274513025467,13.032370329492,0,0
Bhlha15,3.40090069733301,2.86785414526037,3.8949673962524,8.35513722997234e-153,1.48014855937787e-152
Tcf4,21.9239438957284,18.3007090594144,24.9489882815663,0,0
Arntl,3.95522343363358,3.32341083864146,4.57479747693499,1.2330446215284e-222,2.83119855956131e-222
Ebf1,10.4923915017972,7.909185380451,12.9074667858906,0,0
Max,2.89673498439125,2.20379938375524,3.51386910544529,5.71460376855159e-100,8.26793736726613e-100
Sim2,2.52861551978946,2.1265642432231,2.89407774691117,5.48081832119259e-68,7.16722395848262e-68
Tcf15,5.08017815619672,4.02490022967593,6.03878441029498,0,0
Atoh1,2.24690300845202,1.92147781301518,2.53341145040444,2.15535545009304e-47,2.64262720926802e-47
Usf2,3.536859181469,2.99592503767804,4.02842994178431,8.35474511528397e-169,1.57811852177586e-168
Mga,17.7939473641877,13.6039195689907,20.9739776225642,0,0
Cebpd,15.0418513538957,11.424721344766,17.4380954751217,0,0
Fosb,17.1445705010996,14.6613350993906,19.3006944566342,0,0
Hlf,6.33019970754415,4.85670402521296,7.36399251499948,0,0
Atf6b,3.77922550395978,3.11618617928151,4.38264351301675,3.78624754007775e-199,8.14365650955895e-199
Nfe2l2,15.1208611560279,12.6274065149335,17.1616518030881,0,0
Mafk,3.43314032903172,2.53531625541208,4.40593916991761,1.56538792476419e-156,2.82408760304397e-156
Xbp1,4.72281706257645,3.98868740117611,5.42293595694556,0,0
Fos,23.6250858357757,20.0497512660422,26.9593600918664,0,0
Tef,5.73450651862713,4.55218670248289,6.63351700873852,0,0
Atf1,4.58411285738855,3.9785510323277,5.17627837386611,1.90679932507481e-316,5.58149206118149e-316
Fosl1,13.5657494798495,11.2480309801708,15.6623459249353,0,0
Bach1,19.1042029559201,16.3116311392864,21.7420056114765,0,0
Creb1,6.31615147718408,5.36259152747329,7.16667260948428,0,0
Atf3,5.27737447443189,4.56165011650489,5.93673469861493,0,0
Atf6,3.77922550395978,3.11618617928151,4.38264351301675,3.78624754007775e-199,8.14365650955895e-199
Atf2,6.78384422579354,5.92033848221083,7.52281786690779,0,0
Fosl2,4.07807073233566,3.50729999033855,4.5748985079177,9.4772309708688e-240,2.31432933100774e-239
Jdp2,6.27195598932106,5.43508622996716,7.00573947465926,0,0
Cebpa,9.84048828506152,7.55478372005663,11.3878168777083,0,0
Creb3l3,7.92621958401232,6.76013191416946,8.95313246753151,0,0
Nfe2l1,4.03671513311656,3.39205635796079,4.56911474472393,6.36820908205714e-234,1.51330559906949e-233
Creb3l2,2.75332375599841,2.31735972576695,3.13545981637395,7.73772337172735e-87,1.06877304071984e-86
Bach2,17.5878466328016,14.9393785008709,19.9608161143927,0,0
Nrl,7.65698704846846,5.80386948389658,9.6473590364884,0,0
Atf4,3.72902586789665,3.0919383103057,4.21006612917768,1.13215245181941e-192,2.37725122899847e-192
Crebzf,1.11821580224759,0.999965723789786,1.23258506248547,0.0589851397821089,0.0592532540538457
Mafg,6.31324194641076,4.7813028196485,7.88959118564668,0,0
Atf7,7.26590969947608,6.32194409524909,8.04604892185175,0,0
Cebpe,9.5117141659094,6.95083997323908,11.3321471809587,0,0
Jun,9.24036147428126,7.81936764669876,10.540060677166,0,0
Junb,15.4644887665568,13.0259231907906,17.6934630551757,0,0
9430076C15Rik,7.71051943853544,6.69993525942778,8.60887434049008,0,0
Cebpg,16.6943417888758,12.4599698255807,19.5952752758141,0,0
Cebpb,15.0418513538957,11.424721344766,17.4380954751217,0,0
Nfil3,6.80755983665036,5.36792181582357,7.88917097304558,0,0
Nfe2,14.405546725592,12.5229106453165,16.0224521748876,0,0
Dbp,7.5492443508481,6.10505070746,8.63696560594404,0,0
Crem,5.76001039950609,4.94722075288062,6.39809850608805,0,0
Jund,17.8885029820607,15.2665474953317,20.1667352967875,0,0
Mafb,7.34508872800489,5.67998512608068,8.95228445872456,0,0
LINE265,1.77647571044601,1.45847490302174,2.05709252190779,7.34688752199731e-21,8.00819798945207e-21
LINE1938,6.5641756579321,5.13709581855546,7.68644981435593,0,0
Zeb1,19.6629760933326,16.7809772361812,21.75287206275,0,0
Zscan4,5.64286508420347,5.06844975337687,6.15779721859613,0,0
Bcl6b,2.69011883323985,2.18625767294312,3.1011996410278,2.54027297467019e-81,3.46009446780963e-81
Sp1,6.30277785293276,5.6370441133797,6.89331011723119,0,0
Klf4,8.76450066370673,7.81502686337078,9.64007369466044,0,0
Plag1,4.79821006752811,3.99277340663118,5.5607828887194,0,0
Klf5,7.06076023565935,5.87921332805551,8.16223542875457,0,0
Ctcf,12.5925033757712,10.55990173333,14.10288223031,0,0
Snai3,4.06451923959757,3.50859106065117,4.53061334635472,7.82636681912994e-238,1.88515211665146e-237
Glis2,2.90258475948359,2.38630722843509,3.45539993669361,1.59702483204534e-100,2.32581540614181e-100
Ikzf1,6.80279681388339,4.64593833503107,8.484258771569,0,0
Sp2,5.1814272515051,4.44546556437743,5.90888721052712,0,0
Zbtb4,1.77046436852393,1.4977419061142,2.02099708785823,1.37643386046788e-20,1.49848218307094e-20
Plagl1,4.7719858668061,4.10178212265909,5.38282992839305,0,0
Patz1,5.77909201630848,4.80028547478223,6.64939027507798,0,0
Yy1,4.30797014290858,3.66588395101078,4.87813404497679,2.32103922647399e-273,6.3918961875483e-273
Gli3,3.36977675499344,2.89676384139218,3.79518292225447,3.02583390221541e-149,5.28623946553047e-149
Zkscan3,2.09191158716225,1.82521824738256,2.31365328987334,1.53270790295441e-37,1.80655171494893e-37
Hivep1,17.5242254115851,12.3270836783342,22.776900964747,0,0
Zfp369,1.48129802173194,1.24739582830634,1.69478818982835,1.43173733806202e-09,1.48376999630343e-09
Fezf2,1.37833488609419,1.15140924917664,1.57826044338252,1.11405495335819e-06,1.14248791040446e-06
Zfp187,1.53680788645296,1.34583280250285,1.70248994487444,2.32827998901877e-11,2.43862501219501e-11
Osr2,1.66194184850037,1.33766829161587,1.9206215424418,5.75905369232238e-16,6.20097864069791e-16
Bcl6,4.51423998954632,3.51062976517245,5.38718600077931,2.89240448051959e-305,8.35583516594548e-305
Zfp263,1.38335404450396,1.17329688713939,1.55044930247678,8.2996113688742e-07,8.54116001174016e-07
Zscan10,3.45862568365976,2.51798533526939,4.24353207688881,1.65494730585667e-159,3.03521456094874e-159
Zfp523,3.53396236404668,2.92361976028595,4.03585339027314,1.86432169386111e-168,3.51398801145677e-168
Ovol1,2.17128929845242,1.82838079561931,2.49104535532782,1.87556912045744e-42,2.25272160663638e-42
Sp4,5.60394668181225,4.98457900103743,6.16688240850994,0,0
Zfp711,3.44684037555205,2.97160496484623,3.84248308355973,3.96403828527654e-158,7.22517493646282e-158
Zfp202,4.68030337883366,3.99776476166277,5.38877751469609,0,0
Zfp282,2.88495016815678,2.46511496459654,3.20407017205925,7.3812022266625e-99,1.06617365496236e-98
Klf7,8.00032818087665,7.04301624880395,8.91435156623232,0,0
Gfi1b,3.97899506992715,3.458583271807,4.45624767542114,6.68918160449409e-226,1.55203058749942e-225
Mecom,5.08264100588354,4.43984911011746,5.65585009917376,0,0
Zbtb7b,4.76493174253369,4.08398926502686,5.38729633446566,0,0
Mtf1,2.38908501009771,2.08471664787517,2.65500190677498,2.32908933345993e-57,2.94551497965461e-57
Zbtb49,1.22141531686447,0.972962347878052,1.45713562947255,0.00223282682705245,0.00226355380173666
Fezf1,1.37833488609419,1.15140924917664,1.57826044338252,1.11405495335819e-06,1.14248791040446e-06
Zkscan1,2.62185573354059,2.18337868721526,2.99085773807616,1.49571417603179e-75,2.0063904880305e-75
Mzf1,4.88911335416956,3.78323050774214,5.9891578847826,0,0
Zfp300,2.23654150770712,1.90589436240091,2.50337216342103,1.06001058982989e-46,1.2942670737702e-46
Zic1,2.46911231901667,2.18279981322451,2.71404888454344,2.36139932574802e-63,3.03854003487809e-63
Zbtb1,2.32354482490506,1.98220653682908,2.62825780671485,1.17626866185976e-52,1.47492410933904e-52
Egr3,4.49703092414076,3.7689636771089,5.13604452430802,1.53482100229052e-302,4.4051356039767e-302
Klf9,1.823982911274,1.57299996095098,2.05997189166343,4.47384149708702e-23,4.96220311596603e-23
Glis1,1.93956137934874,1.70873672192048,2.1253607467748,6.55744323440029e-29,7.46046308778617e-29
Prdm4,2.08110446515026,1.85714666840435,2.28789407342515,6.79886090327799e-37,7.97107830039489e-37
Zic4,3.66472907929659,2.98527777267487,4.2028411186443,1.59487110085903e-184,3.24853929299396e-184
Egr2,4.15714210369927,3.47812452538192,4.73475103566736,4.45576484765564e-251,1.12219262829846e-250
Prdm1,8.33602229287803,6.90187514142796,9.6153798909716,0,0
Egr1,3.63481866235454,2.99252083664899,4.18402595468147,8.66472525399936e-181,1.74877103299896e-180
Sp6,7.84594977838996,6.94501450924288,8.72757536118205,0,0
Rreb1,10.6047117212219,9.11706379367235,11.900541395827,0,0
Zfp281,6.23876558690159,4.71841651507527,7.65145721264772,0,0
Klf8,8.51399769415693,7.60253815515783,9.38450337912184,0,0
Zic5,3.14694955192931,2.6943425078214,3.59761123454247,6.65324893186231e-125,1.06163755519247e-124
Zfp410,2.76941667054447,2.28922897250408,3.13874482680897,2.86749031917911e-88,3.98563119835588e-88
Snai1,4.06451923959757,3.50859106065117,4.53061334635472,7.82636681912994e-238,1.88515211665146e-237
Hic1,3.79228509460444,3.05096667462627,4.45766716918122,7.53780021353404e-201,1.63720279822213e-200
Zfp784,4.68544678325308,3.98947632740742,5.24389022382683,0,0
Zfp3,3.06690420274348,2.68477873996977,3.42090292839057,1.1950584823911e-116,1.81517473957687e-116
Dnajc21,3.05658399723774,2.61600647950458,3.48194401121499,1.32635755705418e-115,2.00427364177075e-115
Zfp354c,2.59806173184614,2.22732191065537,2.9371469503874,1.38041982191605e-73,1.82952192289923e-73
Zfp691,2.87675666354865,2.48140902784606,3.2030745152819,4.33796919778523e-98,6.25573372078652e-98
Zfp740,6.29116188126309,5.42038342294442,7.10458955107509,0,0
Scrt1,6.72813524912751,5.65051636092383,7.59827315968924,0,0
Osr1,1.28151923967742,1.10098864605338,1.43428273141922,0.000175758713439239,0.000178998505392036
Sp8,5.61342043515022,4.87962246874048,6.26435236548059,0,0
Zfa,3.73764306949497,3.32602555987317,4.09812975879164,8.89951820578858e-194,1.87313668902788e-193
Zfp161,3.35483893468602,2.88707652795097,3.72198496539346,1.49672164908471e-147,2.59941441609211e-147
Zbtb12,1.77660415223144,1.48819541510358,2.03386469353968,7.24867891779333e-21,7.91090390534482e-21
Hic2,3.29576304977775,2.77786957334813,3.75737104777729,6.13765760713809e-141,1.03149987161788e-140
Zfp524,2.15937266851455,1.86885057493559,2.43878239591134,1.0678945353414e-41,1.28089385243121e-41
Zfy1,3.73764306949497,3.32602555987317,4.09812975879164,8.89951820578858e-194,1.87313668902788e-193
Klf1,9.77092805541291,8.7960334210978,10.6516294352705,0,0
Zscan4c,6.88433951131467,6.06918994426901,7.56850951214208,0,0
Zkscan4,2.09191158716225,1.82521824738256,2.31365328987334,1.53270790295441e-37,1.80655171494893e-37
Zkscan5,12.1897828629692,10.680780249985,13.4584943485116,0,0
Zfp105,4.08990500702505,3.44998218827596,4.64334622974002,1.98078151086804e-241,4.85044558339984e-241
Zfp110,1.48129802173194,1.24739582830634,1.69478818982835,1.43173733806202e-09,1.48376999630343e-09
Zfp637,3.93370104520988,3.08092131260765,4.67820538529794,1.06779083157474e-219,2.43280179152596e-219
Scrt2,6.25620031241338,5.25249491615755,7.0556787830889,0,0
Sp7,5.61342043515022,4.87962246874048,6.26435236548059,0,0
Zfp128,1.21629702989466,1.06007278727529,1.36697131058127,0.00271339657744908,0.00274444230487985
Zfp143,2.15677284410543,1.89867904893428,2.38408568984775,1.55773070403564e-41,1.86589965090448e-41
Zic2,2.22213783531374,1.92916285219283,2.49053040465991,9.53090393044912e-46,1.16211297579545e-45
Zscan20,2.33087847582289,2.05213228641001,2.55735506372136,3.57665174740412e-53,4.49752509915397e-53
Zfp238,9.09554256128662,7.05305960215759,10.7589250412415,0,0
Zbtb6,1.51351198829337,1.26197058369459,1.70508583364452,1.3712237405072e-10,1.43112371500397e-10
Zic3,2.51688537374246,2.22968422414871,2.75707748770488,4.61701222744881e-67,5.99330221595411e-67
Insm1,2.78784414001474,2.43195686311981,3.11339710512319,6.39094506147757e-90,8.99617107379964e-90
Sp9,5.61342043515022,4.87962246874048,6.26435236548059,0,0
Zscan4ps2,6.88433951131467,6.06918994426901,7.56850951214208,0,0
Zscan4f,6.88433951131467,6.06918994426901,7.56850951214208,0,0
Egr4,4.21532083213312,3.55732977534577,4.75964199675429,1.44058394967957e-259,3.72361465355772e-259
Zbtb3,2.79648189026846,2.3177524268639,3.2740150692938,1.06262158190212e-90,1.49817779649358e-90
Klf12,8.47886849942577,7.43944515637785,9.52768164046643,0,0
Klf14,7.06179561360145,6.24482363891363,7.88159011354842,0,0
Sp5,7.84594977838996,6.94501450924288,8.72757536118205,0,0
Zfp652,1.91309124865992,1.5853528191991,2.18876312570611,1.61388440967862e-27,1.81973701295396e-27
Zfx,3.85906956182992,3.18097080875174,4.40658057884066,1.18523208744818e-209,2.64582112450552e-209
Myt1l,2.34901842561556,1.9824152243239,2.66459694238697,1.83891408057797e-54,2.31897296323955e-54
Nfya,6.60157493360591,5.61083800911607,7.60636052990905,0,0
Cenpb,1.55787234499498,1.35220547004603,1.73831570423944,4.43424500744229e-12,4.65543062539071e-12
Cux2,2.042970814496,1.67290358429037,2.37715313716395,1.18371501056488e-34,1.37866148793064e-34
Onecut3,2.61948489451385,2.2184594529079,2.93839158627087,2.35357240380069e-75,3.14283686549821e-75
Lin54,4.22780657088327,3.15914244807542,5.1686589125685,2.08561678390796e-261,5.47087607410872e-261
Cxxc1,1.16722159150001,0.962366221952045,1.35080127400768,0.014802142774281,0.0149032963695495
Mbd1,1.98934063157119,1.74414215697657,2.19825432004236,1.29723519199481e-31,1.50098941063274e-31
Kdm2b,1.22051052057166,1.01093397349423,1.41486130930274,0.00231168081728339,0.00234080852517585
Dmrtc2,2.04675385084712,1.62718241955291,2.42718494411126,7.14309526430734e-35,8.3304699388492e-35
Dmrt1,1.60974888743129,1.39889982189083,1.79707980500631,5.98752990538112e-14,6.36175052446744e-14
Dmrt3,1.65441911231688,1.43227927257622,1.84900875567685,1.14652775289961e-15,1.22852185886455e-15
Dmrta1,1.79297102803529,1.43970046680649,2.14293301951968,1.2854535951637e-21,1.41511952443924e-21
Dmrt2,1.9617336462423,1.62811991590269,2.24983067862274,4.23198956247295e-30,4.83968793431577e-30
Tfdp2,2.20250401817457,1.81073749136927,2.53454405212047,1.83896814139191e-44,2.22691484519239e-44
Tfdp1,2.20250401817457,1.81073749136927,2.53454405212047,1.83896814139191e-44,2.22691484519239e-44
E2f4,3.16059792440585,2.67459755260465,3.58548094418698,2.45276980762238e-126,3.98575093738637e-126
E2f3,1.66895709691971,1.37582340616303,1.91897502170857,3.01283829313277e-16,3.24798664771875e-16
E2f2,1.56332637561811,1.29076347725371,1.79624425825735,2.86193385730799e-12,3.00826341243789e-12
E2f7,2.9090421935166,1.9877454836168,3.68067654669243,3.89482423851279e-101,5.68155879017377e-101
E2f1,2.72668546697002,2.28820515483371,3.12864224978279,1.71321612945927e-84,2.35533912665941e-84
E2f5,1.81088458341634,1.49915070053546,2.06976043486181,1.87163728417652e-22,2.07074763355701e-22
E2f8,2.77609859858462,2.28554741314638,3.20931188440772,7.24649593492846e-89,1.01039470133703e-88
E2f6,4.27234908986085,3.59746734954325,4.83014109361958,5.10677140596713e-268,1.37215377594983e-267
Sfpi1,42.6944678447687,39.0383895801358,45.6865216561481,0,0
Elf3,17.8530020276025,15.8406721331281,19.3972444995842,0,0
Etv3,4.97508468028697,4.30368652095822,5.57208878662301,0,0
Etv1,5.37920607831424,4.63905447174774,6.03835658727908,0,0
Spic,31.1042248450251,28.0958441487503,33.2757029145624,0,0
Etv2,7.60302308775299,6.38904383478055,8.76584528086066,0,0
Spib,27.2554021890169,24.8110537656331,29.0929604386205,0,0
Elk3,5.329188856784,4.56253183985344,5.97423654057021,0,0
Gabpa,5.34760554244598,4.61196471853425,5.9613788592381,0,0
Elk1,5.61158217390141,4.73365634255607,6.3359160977291,0,0
Ehf,17.1734321648259,15.2602133658561,18.7215636843248,0,0
Etv5,5.34729101371649,4.5833645840685,5.98780812678606,0,0
Fli1,7.60292556884766,6.47653328481383,8.54722596297651,0,0
Etv4,5.25232279144289,4.51230667722073,5.89858922032348,0,0
Spdef,4.95372248838358,4.29282025055943,5.55914438691326,0,0
Elk4,5.25626397265915,4.50490489946412,5.91819585840634,0,0
Elf5,18.3853855728373,16.0645445646554,20.0915876896367,0,0
Etv6,8.93292867536746,7.81643850608657,9.84203903248471,0,0
Elf4,5.71317706837975,4.96099952801444,6.34883305041049,0,0
Ets1,7.66019870185282,6.52205435075701,8.58933841494578,0,0
Elf1,14.8431674794816,12.6530586447292,16.6603444366755,0,0
Elf2,5.85587606986919,5.06083018111724,6.51970593206663,0,0
Erg,7.59740074092361,6.49642877907409,8.50505526328412,0,0
Erf,9.00770074774534,7.68183515893175,10.1307519928138,0,0
ENSMUSG00000044690,5.34729101371649,4.5833645840685,5.98780812678606,0,0
Gm5454,5.28743104091711,4.54429809173915,5.93404112005661,0,0
Fev,6.72703964233841,5.83571189959778,7.44359151939682,0,0
LINE5773,5.34760554244598,4.61196471853425,5.9613788592381,0,0
LINE5785,12.3641488307166,9.91172026792673,14.7261248687363,0,0
LINE5816,3.95647044349554,2.90233881767387,4.93934179277543,8.3219003860775e-223,1.91577081804492e-222
LINE5798,2.7819712937758,2.37544000375295,3.11919592989329,2.15560583608966e-89,3.02469136365596e-89
LINE5827,10.2024583083768,8.65316977693903,11.7279992333276,0,0
LINE5828,7.79680407283627,6.12613852770869,9.4699388373095,0,0
Foxj2,4.16288775633662,3.4774810684904,4.79441906664466,6.55078901379318e-252,1.66405100235436e-251
Foxg1,4.4208185769922,3.82206742700905,4.95623088312762,1.30422779113698e-290,3.70719410728324e-290
Foxp4,4.16288775633662,3.4774810684904,4.79441906664466,6.55078901379318e-252,1.66405100235436e-251
Foxp2,4.16288775633662,3.4774810684904,4.79441906664466,6.55078901379318e-252,1.66405100235436e-251
Foxp1,4.85562494209608,4.16082763047831,5.51987352139272,0,0
Foxj3,4.36797829086319,3.63644167046525,5.02413142681206,1.79548167662078e-282,4.99121321425398e-282
Foxh1,1.69836070205165,1.32244266925959,2.03890927124414,1.87639108135054e-17,2.02778693877002e-17
Foxj1,5.24690037580475,4.44565495928782,5.97004017821143,0,0
Foxa1,4.0286491758449,3.16723883518309,4.87254941930022,8.56606271209717e-233,2.02470573195024e-232
Foxa2,3.53687320595658,2.96631266796609,4.0227546515285,8.32232670475479e-169,1.57536120064309e-168
Foxf2,3.5896446988847,3.10389859843491,4.03817278636166,3.24776411219899e-175,6.3099417037009e-175
Foxq1,2.80786744074664,2.16909913917401,3.42733525321074,9.87629318390963e-92,1.40364038176465e-91
Foxk2,4.22571278495722,3.56688456223674,4.78848807574207,4.24716010241834e-261,1.10751903555688e-260
Foxp3,4.16288775633662,3.4774810684904,4.79441906664466,6.55078901379318e-252,1.66405100235436e-251
Foxf1a,3.5896446988847,3.10389859843491,4.03817278636166,3.24776411219899e-175,6.3099417037009e-175
Foxo4,4.29496218634322,3.57689964847801,4.92341596610953,2.10057616692299e-271,5.71356717403052e-271
Foxo1,3.17606227223154,2.41149376473809,3.89566632081614,5.70752453162121e-128,9.36076379583145e-128
Foxe3,4.28266134439577,3.64771156148218,4.88696056472312,1.46751042975747e-269,3.95511957288295e-269
Foxc2,3.60248817031742,3.01346913535132,4.16776967825958,8.61224993722526e-177,1.69559664688355e-176
Foxi1,3.15372772121129,2.64842279768602,3.57626675677121,1.29455725844272e-125,2.08070657538794e-125
Foxi2,3.15372772121129,2.64842279768602,3.57626675677121,1.29455725844272e-125,2.08070657538794e-125
Foxo3,4.54209616821844,3.83828816353439,5.14713431235445,1.06260990947634e-309,3.10015564348872e-309
Foxc1,3.5870371238859,2.92938886832622,4.22850445079625,6.7740890632462e-175,1.31034895665419e-174
Foxo6,4.10386793275044,3.46396161629107,4.69743657658842,2.03142353795804e-243,4.98827335431919e-243
Foxd2,4.28266134439577,3.64771156148218,4.88696056472312,1.46751042975747e-269,3.95511957288295e-269
Foxi3,3.15372772121129,2.64842279768602,3.57626675677121,1.29455725844272e-125,2.08070657538794e-125
Foxk1,4.22571278495722,3.56688456223674,4.78848807574207,4.24716010241834e-261,1.10751903555688e-260
Foxb2,5.24931049526692,4.16086741551337,6.25614272078707,0,0
Foxb1,5.24931049526692,4.16086741551337,6.25614272078707,0,0
Foxd3,3.98493354503175,3.34224876438151,4.53464599367655,1.0142001814986e-226,2.35934989590727e-226
Foxe1,3.98493354503175,3.34224876438151,4.53464599367655,1.0142001814986e-226,2.35934989590727e-226
Foxs1,3.60248817031742,3.01346913535132,4.16776967825958,8.61224993722526e-177,1.69559664688355e-176
Foxd1,3.1036348165941,2.47024848884095,3.75345159436956,2.09896220863157e-120,3.25523261829879e-120
LINE9929,5.01419193700239,4.32539034019673,5.69054604341745,0,0
LINE9932,4.22013620223286,3.33156902381496,5.03719411420753,2.81769394045753e-260,7.3045203617726e-260
LINE9884,3.63193458605198,2.97858736813335,4.22083733577913,1.97709333075705e-180,3.95418666151411e-180
LINE9878,3.1036348165941,2.47024848884095,3.75345159436956,2.09896220863157e-120,3.25523261829879e-120
LINE9832,5.24690037580475,4.44565495928782,5.97004017821143,0,0
LINE9907,4.07644473468666,3.26829366865044,4.82272625646521,1.61086860401906e-239,3.91210946690344e-239
LINE9913,3.76327520628373,3.13729271676735,4.34317443532875,4.4315529001345e-197,9.41704991278581e-197
LINE9910,1.78537507341255,1.47342362716948,2.07146240636441,2.87928958212236e-21,3.16185340446728e-21
LINE9844,2.91275091971261,2.47674610641389,3.31022463322084,1.72880755251952e-101,2.52605929987976e-101
LINE9852,3.15372772121129,2.64842279768602,3.57626675677121,1.29455725844272e-125,2.08070657538794e-125
LINE9851,3.98493354503175,3.34224876438151,4.53464599367655,1.0142001814986e-226,2.35934989590727e-226
LINE9930,2.07976992898606,1.68711850120935,2.42114934949355,8.16515673466561e-37,9.56026298469456e-37
LINE9891,2.57092438032876,2.16932758218578,2.99782223385455,2.24982107864869e-71,2.9684206470529e-71
LINE9919,2.50751039110781,2.14491484460066,2.82968131065792,2.5109980425373e-66,3.24520799649558e-66
LINE9848,1.62087502267222,1.33259060154607,1.86746038019425,2.28383123186172e-14,2.43241784212743e-14
LINE9849,3.32271744772183,2.87948519306405,3.66262213197238,6.13977035753162e-144,1.03976187663945e-143
LINE9858,2.9665909485043,2.48207866049428,3.42892780297335,1.13064816499436e-106,1.67700164069633e-106
LINE9889,3.59583112706227,2.86824889948443,4.26143407843958,5.66305121514211e-176,1.10755249428885e-175
LINE9899,1.03429080794128,0.8546705191328,1.21333621940643,0.3101346922102,0.3101346922102
LINE9905,3.66786047999896,3.10982249020385,4.12149124114361,6.45129718489046e-185,1.32012655357481e-184
LINE9922,2.11593598091633,1.7977229719156,2.36732038033997,5.35087298014627e-39,6.34071275395349e-39
LINE9936,2.0327106694718,1.77248067731154,2.26169423580032,4.62294153121319e-34,5.37014495872859e-34
LINE9940,6.54001269650809,5.58237708395517,7.44015813995249,0,0
LINE10059,5.01419193700239,4.32539034019673,5.69054604341745,0,0
LINE10066,4.22013620223286,3.33156902381496,5.03719411420753,2.81769394045753e-260,7.3045203617726e-260
LINE10009,3.63193458605198,2.97858736813335,4.22083733577913,1.97709333075705e-180,3.95418666151411e-180
LINE9950,5.24690037580475,4.44565495928782,5.97004017821143,0,0
LINE10036,3.76327520628373,3.13729271676735,4.34317443532875,4.4315529001345e-197,9.41704991278581e-197
LINE10003,3.1036348165941,2.47024848884095,3.75345159436956,2.09896220863157e-120,3.25523261829879e-120
LINE10030,4.07644473468666,3.26829366865044,4.82272625646521,1.61086860401906e-239,3.91210946690344e-239
LINE9965,4.80336798603878,3.96968309631951,5.59056187577004,0,0
LINE9973,3.15372772121129,2.64842279768602,3.57626675677121,1.29455725844272e-125,2.08070657538794e-125
LINE9964,2.91275091971261,2.47674610641389,3.31022463322084,1.72880755251952e-101,2.52605929987976e-101
LINE10033,1.78537507341255,1.47342362716948,2.07146240636441,2.87928958212236e-21,3.16185340446728e-21
LINE10052,1.95983935896554,1.62007259413113,2.32942168371014,5.3593671104604e-30,6.11313616212515e-30
LINE9972,3.98493354503175,3.34224876438151,4.53464599367655,1.0142001814986e-226,2.35934989590727e-226
LINE10046,3.54563697493392,3.05900242242878,3.91584978971077,7.30503109282741e-170,1.38576126310288e-169
LINE10051,3.27421979805684,2.87669111835655,3.5885702764192,1.46091335008092e-138,2.44592310884761e-138
LINE10016,2.57092438032876,2.16932758218578,2.99782223385455,2.24982107864869e-71,2.9684206470529e-71
LINE10042,2.50751039110781,2.14491484460066,2.82968131065792,2.5109980425373e-66,3.24520799649558e-66
LINE9969,1.62087502267222,1.33259060154607,1.86746038019425,2.28383123186172e-14,2.43241784212743e-14
LINE9970,3.32271744772183,2.87948519306405,3.66262213197238,6.13977035753162e-144,1.03976187663945e-143
LINE9979,2.9665909485043,2.48207866049428,3.42892780297335,1.13064816499436e-106,1.67700164069633e-106
LINE9995,1.28586072198091,1.03544430427611,1.55957713927398,0.000143674424070156,0.000146491569640159
LINE10014,3.59583112706227,2.86824889948443,4.26143407843958,5.66305121514211e-176,1.10755249428885e-175
LINE10028,3.66786047999896,3.10982249020385,4.12149124114361,6.45129718489046e-185,1.32012655357481e-184
LINE10045,2.11593598091633,1.7977229719156,2.36732038033997,5.35087298014627e-39,6.34071275395349e-39
LINE10070,2.0327106694718,1.77248067731154,2.26169423580032,4.62294153121319e-34,5.37014495872859e-34
LINE10074,6.54001269650809,5.58237708395517,7.44015813995249,0,0
LINE10076,4.45364784786724,3.75073883965051,5.07224387056357,1.00985435440293e-295,2.87971370739415e-295
LINE10077,3.79202534399853,3.23822508242862,4.3080301868234,8.14970180870663e-201,1.76576872521977e-200
Gata6,11.1218948613883,8.71042225007299,13.3326716539381,0,0
Gata2,12.1350044208839,10.0191501758784,14.1068579165504,0,0
Gata3,9.81201369120697,8.07002205964131,11.2643208038189,0,0
Gata5,10.4881660266095,8.23767753965515,12.5678130048813,0,0
Gata4,10.7377627570283,8.51851184175378,12.7797564496478,0,0
Gata1,11.6212071073244,9.37586775724332,13.6348749281637,0,0
Gcm1,1.69908839570203,1.45230961142648,1.93974191078197,1.74963958533174e-17,1.89312288057927e-17
Tcfcp2,1.34702066647175,0.975532819659986,1.77405548088192,6.51364939583406e-06,6.67215071369329e-06
Grhl1,2.77311421385648,1.04682093206718,4.5063845372775,1.34018748452879e-88,1.86570982098181e-88
Tcfcp2l1,3.32383849152342,2.8236177864316,3.87496970128548,4.59996996680151e-144,7.81994894356256e-144
LINE1139,1.98182772786563,1.59753233521016,2.38847240502818,3.37573835738272e-31,3.89576071530852e-31
Lhx2,3.10099770061884,2.52287552247634,3.74080461335522,3.92151935243194e-120,6.0499530672772e-120
Hoxb6,2.8311760361851,2.46108423956202,3.17862465044428,7.33780923197661e-94,1.04791976753915e-93
Hoxa10,3.70716000154996,2.26180226029668,5.29187062397923,6.9738280791405e-190,1.45397736366986e-189
Hoxa4,3.74012374509797,2.98288076260498,4.59869018435473,4.27419342814241e-194,9.03920332650212e-194
Sebox,3.45881424770921,2.93047234903804,4.03977488628428,1.5727857077062e-159,2.89052508443302e-159
Meox1,4.04741864093612,3.38454082848582,4.72340942972046,2.00549170556239e-235,4.80448419435543e-235
Nkx21,1.6356633146296,1.40956464304994,1.80638889571227,6.20509689513739e-15,6.6327758830731e-15
Irx2,1.30064876257044,1.07061239567938,1.56876197581571,7.10195386306763e-05,7.24956953227688e-05
Dlx3,2.60726197986834,2.08249728632615,3.1306510843013,2.41538039065534e-74,3.21565702611343e-74
Mnx1,3.59554801317638,2.72470166467476,4.60289492051636,6.13475160193369e-176,1.19715682474821e-175
Hoxc13,3.06711149245067,1.88534637656884,4.36335501341049,1.1385434282478e-116,1.7323104829106e-116
Hoxc11,3.40644632386895,2.1918655563054,4.76614215846978,1.92205101639629e-153,3.41869838731252e-153
Hoxc8,2.98996080545714,2.20321008735595,3.98158482669547,5.83423679196752e-109,8.69724337959408e-109
Hoxc6,3.09918230114165,2.34385014244812,4.0123474994103,6.02777546497153e-120,9.26704958440841e-120
Evx2,4.39704596007094,3.76264589029783,5.03997752987697,6.1712539115795e-287,1.73738485918353e-286
Hoxd13,3.17572505471698,2.10848876567916,4.36519983724994,6.19676420896036e-128,1.01443325198536e-127
Hoxd12,3.45946363524562,2.16497020247836,4.92406240052367,1.31977266783245e-159,2.43565561245071e-159
Evx1,4.29810690651198,3.61830499401097,5.01761590342803,7.07803065850341e-272,1.93116638954229e-271
Otx1,1.61466767337939,1.35973422488199,1.85825533901396,3.91703648251561e-14,4.16685950727292e-14
Rhox6,4.15803634273525,3.61903083929803,4.72094591211839,3.3068811909301e-251,8.35223706509202e-251
Vax1,3.90077681489155,3.29495503584297,4.57075011645836,3.06915058353447e-215,6.9212477445012e-215
Pknox1,3.94749936271601,3.38586721729711,4.46693684497343,1.40377423151452e-221,3.21486119341667e-221
Phox2a,3.82108560746655,3.29447384259493,4.41064167693016,1.26570179868906e-204,2.78328455234111e-204
Pou6f1,3.50193385927571,3.03374858715644,3.92743431907771,1.2659071810055e-164,2.36588149684749e-164
Nanog,2.24679779096906,1.75937234541412,2.70545861878945,2.1906223379836e-47,2.68214701769737e-47
Phox2b,3.82108560746655,3.29447384259493,4.41064167693016,1.26570179868906e-204,2.78328455234111e-204
Alx3,4.26096045576599,3.64614851066172,4.94234172358685,2.54573673678372e-266,6.77840745577351e-266
Hoxa2,4.30045951021049,3.4555496711611,5.17588133341357,3.13497069280337e-272,8.57991979083028e-272
Nkx25,1.51855076945615,1.30751604109467,1.69536438527231,9.39525585082188e-11,9.81726497887298e-11
Lhx1,3.10179674767322,2.5086271101373,3.69555972401981,3.24515041684144e-120,5.01523246239131e-120
Hoxb1,1.82590218695781,1.52701275449706,2.05402278289459,3.62179771162777e-23,4.0221974586419e-23
Lhx9,3.19139603795185,2.59227588092306,3.86414508954564,1.34114663950292e-129,2.20777212163982e-129
Meis1,4.03245470916136,3.45120604473072,4.52750006878628,2.51504354772108e-233,5.960585780658e-233
Hnf1b,2.14586451673106,1.76936480099797,2.51560092475824,7.53654112336091e-41,8.99096134014986e-41
Dlx4,2.45061761966082,1.98698652508019,2.87668215392716,6.06488486235281e-62,7.74762748312123e-62
Hoxb9,3.77024268565077,2.43107756911159,5.17923045352688,5.54990576109848e-198,1.18505234125871e-197
Gsc,1.95570551093094,1.61363721765927,2.28458339709232,8.96134313629811e-30,1.02085403769169e-29
Six6,2.87213293196836,2.46916581167843,3.22503695728853,1.17520726714539e-97,1.6919922217533e-97
Vsx2,3.77164174288266,3.24023472286211,4.31400604131641,3.65494240842777e-198,7.84215798313143e-198
Barx1,2.78557981921408,2.34791925558117,3.19630751392429,1.02167026571715e-89,1.43586091398086e-89
Msx2,3.0777249749146,2.49231788570741,3.64382764276827,9.47897892182465e-118,1.45223871176655e-117
Pitx1,2.08656747573848,1.71119169548406,2.43141250618559,3.20660594936323e-37,3.76446169885404e-37
Irx4,2.56887081710236,2.00432317269372,2.98327130276983,3.29822474808828e-71,4.3452022016543e-71
Otp,3.14546103045397,2.39698893676915,4.02831724913691,9.52586843679378e-125,1.50911607493292e-124
Otx2,1.88967097706699,1.59137598613513,2.16421349672186,2.57982038256576e-26,2.89411322105093e-26
Hmbox1,1.8603438003097,1.30082371858304,2.33473349645421,7.63445015206568e-25,8.55368052525483e-25
Nkx31,1.43923361603259,1.18701303906933,1.64558971382192,2.53929541383582e-08,2.62849782884176e-08
Hoxc10,3.40543192533727,2.26652117716351,4.74020766117361,2.5153212581375e-153,4.46494777548905e-153
Hoxc5,4.3625958930714,3.68932504079023,5.03577990592141,1.19436845811656e-281,3.29944286554701e-281
Gsc2,2.30854713420917,1.95595518177273,2.60009436069375,1.3200087581411e-51,1.64814652852646e-51
Dlx2,2.2892048596725,1.77089073236306,2.75910760643948,2.88647161245088e-50,3.5637442812941e-50
Esx1,3.75663844166192,3.12582989983235,4.50935529810758,3.19314634614582e-196,6.76916395681752e-196
Six2,3.07100924966322,2.64406890386162,3.46597547310398,4.57517897834153e-117,6.99733255511058e-117
Pou4f3,4.23021457304961,3.51229244420053,4.91470522539827,9.20042572375412e-262,2.42781383277571e-261
Rax,3.52025928709365,3.06880324879633,3.95020915232428,8.22150123194189e-167,1.54305882994408e-166
Cdx1,3.35340804797478,2.26168646941551,4.58170830942136,2.17253809911424e-147,3.75836336519959e-147
Hhex,2.30575092121947,1.79159268321259,2.67621673346016,2.06667393852441e-51,2.57678386693311e-51
Tlx1,2.18070753724579,1.66722430720718,2.68477415436793,4.6951539675632e-43,5.66236849566967e-43
Lbx1,4.12840558393793,3.50087769780532,4.7978410649263,6.22214221325909e-247,1.54504879677557e-246
Pitx3,2.15030069671996,1.78044513586536,2.50595661796295,3.9752735499338e-41,4.74884029478579e-41
Msx3,3.44754830476814,2.97150797498812,3.84611512974045,3.27671193725271e-158,5.98473833167644e-158
Lhx4,4.26096045576599,3.64614851066172,4.94234172358685,2.54573673678372e-266,6.77840745577351e-266
Prrx1,3.14546103045397,2.39698893676915,4.02831724913691,9.52586843679378e-125,1.50911607493292e-124
Lmx1a,3.97225256574549,3.44516660448773,4.49144569174622,5.67372199694783e-225,1.31297650400573e-224
Barhl1,3.35553775614387,2.80766373121564,3.90162480325904,1.24760722130884e-147,2.17103303865554e-147
Lhx6,2.71543107748466,2.09424399646854,3.34216939394456,1.64340353144969e-83,2.25235460744422e-83
Lhx3,2.99171959155726,2.44488746378438,3.60275103475703,3.91685081087509e-109,5.84881100813105e-109
Hoxd8,2.60135641063799,2.1371516885124,3.08354085620694,7.40158561915583e-74,9.82432685785849e-74
Meis2,3.92535210894709,3.36824107856385,4.42274927146553,1.45582302364558e-218,3.30834846504547e-218
Nkx22,1.79431868788238,1.50318951468254,2.0399521820902,1.11335039163296e-21,1.22871628739518e-21
Shox2,3.33202817085698,2.86644960558339,3.7738088622209,5.56092969970265e-145,9.52686405918051e-145
Pitx2,1.97426807725881,1.6343999593114,2.29014184141251,8.78399191228749e-31,1.00844790265742e-30
Lhx8,3.85462280128957,3.19219014295423,4.53536850561325,4.62832498860237e-209,1.02799982158907e-208
Dmbx1,1.98876480363727,1.65696927727474,2.28723006229637,1.3961907900373e-31,1.6133760240431e-31
Pax7,3.29306983278611,2.87766034227462,3.67275769788732,1.21937050689176e-140,2.04539568897973e-140
Nkx11,3.79345684421675,3.21121618282676,4.37025157882964,5.30029281469654e-201,1.1540539034955e-200
Uncx,1.77773191578922,1.54756821007695,1.97629617088409,6.44032759497427e-21,7.03739133987299e-21
Hnf1a,1.60033570295705,1.24971386094188,1.95982666985208,1.33829016889976e-13,1.4134390792203e-13
Lhx5,2.94471674504421,2.37555746138877,3.59340402961896,1.49282542107887e-104,2.21048186303806e-104
Pdx1,4.48297381014663,3.82862755284688,5.11531945744768,2.53098531340422e-300,7.24074762799136e-300
Cdx2,3.24029495906757,2.22936678030745,4.41262136214238,7.40092841083865e-135,1.22517241857329e-134
Cux1,4.50706996769439,3.99805810981004,4.89064427225386,3.96202506425621e-304,1.14085672860016e-303
Pax4,2.37536172489245,2.0659743717269,2.67507934859482,2.33015001789168e-56,2.9426465940232e-56
Nobox,3.59696254334967,2.96109731268305,4.26943243110794,4.11301512696832e-176,8.07978971608887e-176
Dlx6,3.29720046896163,2.63273157193542,3.95251953274219,4.2536743101907e-141,7.162377314683e-141
Dlx5,2.91350244120885,2.30807299688285,3.47006877092269,1.46622174076727e-101,2.14948593505517e-101
Hoxa1,3.45922807843328,2.71699386925216,4.426556912172,1.4064713741791e-159,2.59025144744652e-159
Dbx1,3.37890966782682,2.80419223335144,3.93183743867334,2.75775759847776e-150,4.82744102386998e-150
Cdx4,3.35340804797478,2.26168646941551,4.58170830942136,2.17253809911424e-147,3.75836336519959e-147
Isx,3.62043420332621,3.10298281550486,4.15892109714541,5.26472681979623e-179,1.04350190778024e-178
Irx3,1.69026332772232,1.3692189688446,2.06110968469217,4.06978109747491e-17,4.3927795972745e-17
Irx5,1.41124101704891,1.21876587809112,1.58188046460849,1.52795095029181e-07,1.57608942830567e-07
Irx6,3.2480494444295,2.50214696635667,3.7946126059082,1.06308745083847e-135,1.76316943065893e-135
Pbx4,2.29115174228957,2.01249431507418,2.53049274412182,2.11958271627015e-50,2.62057499466128e-50
Pou2f3,4.19462221974304,3.58721387900599,4.81749806358923,1.5643294191405e-256,4.03168281784315e-256
Barx2,3.34003141617603,2.61160061915701,4.04581512883607,7.01177282208432e-146,1.20826650579387e-145
Isl2,2.39110481001547,1.89445301983369,2.84762667969279,1.65687819115883e-57,2.09839587533583e-57
Vsx1,3.32482101990287,2.86934104797865,3.79507064285349,3.57116860565439e-144,6.0944267324295e-144
Emx1,3.46654896107418,2.91905354703433,4.05023324238718,1.94234709585526e-160,3.59965373739214e-160
Barhl2,2.76112801093475,2.16400562790867,3.33267085061013,1.5701504376439e-87,2.1755689449486e-87
Six4,2.65235043701543,2.26665126696985,2.99673979158155,4.18250940388324e-78,5.61905518697991e-78
Gbx2,3.58261308285244,2.87140720626564,4.33513736785202,2.35453095957786e-174,4.53465221844624e-174
Hdx,2.71309198271136,2.19501182911199,3.12280579736472,2.62520932165521e-83,3.59239170331766e-83
Pbx2,2.29115174228957,2.01249431507418,2.53049274412182,2.11958271627015e-50,2.62057499466128e-50
Vax2,3.91346366619424,3.27564859520786,4.60647564417836,5.94333037898533e-217,1.34715488590334e-216
Lbx2,3.99119565801932,3.45680188646054,4.52781936726826,1.38270671562706e-227,3.25083174631469e-227
Nkx61,3.39093637924719,2.69677893654327,4.08539138875748,1.1629252397193e-151,2.04378908928799e-151
Arx,3.21473828960635,2.74858209111865,3.71903085851555,4.26072865893666e-132,7.02702263899255e-132
Pknox2,3.55841607088448,3.06391416651729,4.02397299709477,2.07687152842683e-171,3.96534434369183e-171
Gsx2,3.63733591825206,2.94484575928627,4.45726048931577,4.21483944820654e-181,8.52612831170385e-181
Hoxc9,3.25225747199975,2.34035046273066,4.15745956479745,3.7003933107322e-136,6.1603534589214e-136
Meox2,2.82637476510324,1.72117513994717,4.05979516903009,2.022822523906e-93,2.88415340505307e-93
Alx1,3.06560751526257,2.63352281353544,3.47374925719354,1.61793498273015e-116,2.45326676626664e-116
Hoxa13,2.76795517183398,1.85781909004612,3.80744586267549,3.87181629274112e-88,5.37313281441625e-88
Hoxa11,3.08048974454477,2.03056928598787,4.34091188658632,4.95199988567115e-118,7.59994426898142e-118
Hoxa9,3.67374237562038,2.20891763238961,5.25444606339939,1.17558820090411e-185,2.41679062697497e-185
Hoxa7,2.85590802009131,2.15053987424237,3.68485042716715,3.819032132666e-96,5.48055909947523e-96
Hoxa5,3.55471144109018,2.89112150222274,4.25632359480259,5.83876724764779e-171,1.10999360148831e-170
Hoxb4,3.81430128577635,3.07162132288278,4.64019266303701,9.87417762862797e-204,2.16058738210573e-203
Hoxb5,3.10907010414975,2.51201574633822,3.74788622237423,5.77611471687752e-121,9.02135231399245e-121
Pbx3,7.72373898834498,6.44702281299402,9.01269735254439,0,0
Hoxb7,2.60135641063799,2.1371516885124,3.08354085620694,7.40158561915583e-74,9.82432685785849e-74
Lmx1b,3.42754318070112,2.6634153337137,4.30173709383909,6.99370899498252e-156,1.25404437151411e-155
Six3,2.97481519259373,2.64587990095402,3.23649260536583,1.78206268702558e-107,2.65209329180238e-107
En2,3.68963202674991,3.10472867933372,4.36496658329725,1.16407501267107e-187,2.40430446542343e-187
Hlx,3.42754318070112,2.6634153337137,4.30173709383909,6.99370899498252e-156,1.25404437151411e-155
Prrx2,3.44008996794552,3.00221953948372,3.8556047974598,2.43057163923398e-157,4.41196166136107e-157
Hmx3,1.60901858058891,1.35393079133435,1.84226149083621,6.37538776121029e-14,6.75760525288956e-14
Alx4,2.45797813941008,2.04794240040915,2.88031340136574,1.67325445112669e-62,2.14993740522674e-62
Tlx3,2.18070753724579,1.66722430720718,2.68477415436793,4.6951539675632e-43,5.66236849566967e-43
Hesx1,3.11360304753011,2.5299003172525,3.76247690863723,1.96507706146481e-121,3.080014401303e-121
ENSMUSG00000040953,2.08893027578435,1.73648615667679,2.41970931681119,2.31452962655241e-37,2.72080344397917e-37
Meis3,3.78272538786112,3.23828969381014,4.26713462837703,1.32745930709309e-199,2.86912965151661e-199
Crx,1.88967097706699,1.59137598613513,2.16421349672186,2.57982038256576e-26,2.89411322105093e-26
Obox6,2.08893027578435,1.73648615667679,2.41970931681119,2.31452962655241e-37,2.72080344397917e-37
Dlx1,2.77825558485503,2.20413067851357,3.31867920347199,4.6440231029704e-89,6.48549197950369e-89
Isl1,2.39110481001547,1.89445301983369,2.84762667969279,1.65687819115883e-57,2.09839587533583e-57
Hoxd1,3.68963202674991,3.10472867933372,4.36496658329725,1.16407501267107e-187,2.40430446542343e-187
Hoxd4,2.2065025029859,1.86826338995248,2.47947639984113,1.0096488382062e-44,1.22600216067895e-44
Hoxd11,2.85829020449955,1.77048357642936,4.16402332742096,2.2943601153372e-96,3.29790949911884e-96
Hoxa6,3.15222711887264,2.49271921879738,3.86130661498233,1.86066795597445e-125,2.97976534978518e-125
Hoxd9,2.00882241902928,1.6105223163664,2.42218592142897,1.05668028945795e-32,1.2242534415214e-32
Emx2,3.87788850343517,3.31208895538737,4.45665064799384,3.64271444188193e-212,8.19379024586164e-212
Nkx26,1.63934121609896,1.4026378075169,1.83677963382217,4.47007380646182e-15,4.78395308100757e-15
Nkx23,1.8182765141829,1.60278221613078,1.99081199296058,8.36489335749764e-23,9.26637309276681e-23
Gm4830,2.14111845189454,1.75889019965715,2.4909300470028,1.4907738183925e-40,1.77367975162715e-40
Prop1,3.42754318070112,2.6634153337137,4.30173709383909,6.99370899498252e-156,1.25404437151411e-155
Pou3f3,6.1781610876544,5.33081975991417,6.86857274224853,0,0
Dbx2,2.91350244120885,2.30807299688285,3.47006877092269,1.46622174076727e-101,2.14948593505517e-101
Tgif1,3.41058037091142,2.96291351737654,3.80320064013339,6.4153440285525e-154,1.14568972146271e-153
Msx1,3.58733648048539,3.02539554364711,4.14638898552794,6.22604099855627e-175,1.20697812340433e-174
Duxbl,4.82037572496138,4.03210001201796,5.68034323192364,0,0
Nkx12,3.58405509948028,3.06184317847081,4.05665011958838,1.56903750402653e-174,3.02844793353593e-174
Hoxb3,3.86660167474396,3.3051200458121,4.40021245692869,1.17467441549898e-210,2.63556391700786e-210
Hoxb13,3.10016302437947,2.08705531346012,4.20492449903487,4.77872816045792e-120,7.35957437952056e-120
Nkx32,1.52969071800614,1.28399599152055,1.74124790701312,4.02954403362142e-11,4.21552298901933e-11
Hmx2,2.05066926631339,1.52804706285303,2.60087645856757,4.22831128201374e-35,4.93768450898302e-35
Hoxc12,3.14687191551999,1.92182929228303,4.49224024444763,6.77900108807197e-125,1.07781240321144e-124
Hoxd10,3.53272666642106,2.40081065726572,4.85746137694372,2.62492306684885e-168,4.93708934275401e-168
Rhox11,2.14261945188901,1.69676388292781,2.60159057154396,1.20179664839552e-40,1.43179007706421e-40
Six1,2.67247293426229,2.31913581250624,2.98411868744861,8.2250373143511e-80,1.11860507475175e-79
Pbx1,8.18275241740027,7.1448781724325,9.12668510467036,0,0
Pou3f2,4.71369356206773,4.12470808167157,5.25804344837806,0,0
Gsx1,3.90653999502961,3.40920539621324,4.43302824214997,5.12451298184665e-216,1.15858554372185e-215
Nkx24,1.96946863159459,1.69066330312747,2.1871381635975,1.60697751321799e-30,1.84011414725997e-30
Obox1,1.96155325950795,1.65330553635473,2.26291366149006,4.32831641172171e-30,4.94345181907234e-30
Bsx,3.10754388565306,2.64542456128246,3.53446466289374,8.30056162979444e-121,1.29412636344591e-120
Hoxb8,2.66247934661917,2.23649761670351,3.10576484938499,5.81664461090467e-79,7.8622535719262e-79
Pou3f4,3.1103744653907,2.61663696876983,3.594173667334,4.23623344226531e-121,6.62801834152661e-121
Homez,1.04569705323496,0.870118086678133,1.21764185798408,0.260376207341101,0.260966629579969
En1,4.26096045576599,3.64614851066172,4.94234172358685,2.54573673678372e-266,6.77840745577351e-266
Nkx29,2.06461212796936,1.75892506970995,2.30507834485512,6.45091403399531e-36,7.54313228313737e-36
Irx1,1.06790699423199,0.919242423938172,1.18907647656908,0.177119700230971,0.177722832013824
Tgif2,4.07578674027557,3.53428051946341,4.52132459721954,1.99644964360614e-239,4.83523694506254e-239
Nkx63,3.07005129724957,2.45504663110215,3.68650224554626,5.72500692719446e-117,8.74077050715009e-117
Rhox8,5.65024140908261,4.74041614728589,6.37717303788629,0,0
Obox3,1.65946994514749,1.42191838137019,1.86656608611025,7.2263493120136e-16,7.75253979589809e-16
Hmx1,2.32809585060501,1.72586951890563,2.90298701109897,5.6225030092476e-53,7.06007480138477e-53
Gbx1,3.38790204061474,2.8440371177443,4.04237133225369,2.58828160917397e-151,4.53976377482101e-151
Rhox9,4.15803634273525,3.61903083929803,4.72094591211839,3.3068811909301e-251,8.35223706509202e-251
Noto,2.93936249813408,2.51961822530314,3.36809008922953,4.89900563208049e-104,7.2420083256842e-104
Tlx2,3.35732381589919,2.72840265225273,3.98490605964453,7.83281631580194e-148,1.36572181916547e-147
Gm10391,4.82037572496138,4.03210001201796,5.68034323192364,0,0
Gm10394,4.82037572496138,4.03210001201796,5.68034323192364,0,0
Cphx,5.5657415474929,4.62085877720062,6.51973914671714,0,0
Obox5,1.91901246432946,1.60787368949512,2.21733847944008,7.93419725312413e-28,8.96909254700988e-28
AC1890281,1.91901246432946,1.60787368949512,2.21733847944008,7.93419725312413e-28,8.96909254700988e-28
Gm5889,1.65946994514749,1.42191838137019,1.86656608611025,7.2263493120136e-16,7.75253979589809e-16
Hoxc4,3.6054738706185,2.93512817794311,4.34611571960975,3.69572893308776e-177,7.30877936655386e-177
Hoxb2,4.71385269096361,4.17515279323717,5.20388735206752,0,0
Hoxd3,3.8364220802663,2.90779547050913,4.8584032824965,1.19904892494655e-206,2.64989812413188e-206
Hoxa3,4.25134763217979,3.53635881674107,4.92065689612071,6.83660407410981e-265,1.81488228273666e-264
LINE6211,2.71543107748466,2.09424399646854,3.34216939394456,1.64340353144969e-83,2.25235460744422e-83
LINE6214,3.14981186643169,2.67838311443016,3.67019386821809,3.33467600162785e-125,5.3306574781899e-125
LINE6215,2.29529848237367,1.95369165172072,2.63965998212007,1.09657438435887e-50,1.35956767990637e-50
LINE6216,1.15287244619103,0.976525334856294,1.32017956557224,0.022914172288007,0.0230445145649581
LINE6229,1.72873829593529,1.34659382642529,2.10278509499898,9.62487458745746e-19,1.0439741270322e-18
LINE1458,1.60901858058891,1.35393079133435,1.84226149083621,6.37538776121029e-14,6.75760525288956e-14
LINE1459,3.77024268565077,2.43107756911159,5.17923045352688,5.54990576109848e-198,1.18505234125871e-197
LINE6237,2.66247934661917,2.23649761670351,3.10576484938499,5.81664461090467e-79,7.8622535719262e-79
LINE6254,2.61439270750059,1.84292748166812,3.50133298850306,6.22002848085135e-75,8.2933713078018e-75
LINE6234,3.25225747199975,2.34035046273066,4.15745956479745,3.7003933107322e-136,6.1603534589214e-136
LINE6241,6.88724720270854,4.44925626687002,8.76632161062154,0,0
LINE6263,4.23270657484276,3.00034633919918,5.21976074209647,3.94225916557022e-262,1.04340033004913e-261
LINE6242,2.09497584919836,1.42043658202165,2.90799762959921,1.00244174339687e-37,1.18470387855994e-37
LINE6255,3.7013694096038,3.17247695172984,4.26568318495019,3.79358130580588e-189,7.89064911607623e-189
LINE6261,3.66720689203102,2.52387396860184,4.73803245576728,7.79332349359411e-185,1.59106188645201e-184
LINE6262,2.21949542938171,1.79926273500434,2.61874231329031,1.42273702244107e-45,1.7323684956445e-45
LINE6265,2.01320260569129,1.61445393720607,2.33341924003956,5.97992657584586e-33,6.93734264179493e-33
LINE6266,3.17984219711148,2.65593399603169,3.63391670963247,2.26868066602654e-128,3.72772064826665e-128
LINE6274,1.97471363805487,1.33509100154901,2.74652496240138,8.30396989649012e-31,9.54578594082869e-31
LINE6275,2.66983363696092,1.87106869986111,3.65370418199054,1.38008546614342e-79,1.87403310609952e-79
LINE6267,3.14687191551999,1.92182929228303,4.49224024444763,6.77900108807197e-125,1.07781240321144e-124
LINE6276,3.39093637924719,2.69677893654327,4.08539138875748,1.1629252397193e-151,2.04378908928799e-151
LINE6279,2.41563453678178,2.00269545838912,2.80419147111051,2.56522937937774e-59,3.26282413146751e-59
LINE1462,1.91901246432946,1.60787368949512,2.21733847944008,7.93419725312413e-28,8.96909254700988e-28
LINE1463,1.91901246432946,1.60787368949512,2.21733847944008,7.93419725312413e-28,8.96909254700988e-28
LINE1464,3.79345684421675,3.21121618282676,4.37025157882964,5.30029281469654e-201,1.1540539034955e-200
LINE1465,2.52182015850039,2.1869568990211,2.78906969520681,1.8867575176309e-67,2.46002012623262e-67
Pax2,3.12751358493605,2.74469693380804,3.4697911021386,7.09911106349157e-123,1.11864780394413e-122
Pax3,2.48995995042788,2.15574994028229,2.76168908651805,5.8432211545676e-65,7.52974854320373e-65
Pax6,2.69196517940813,2.27392177853558,3.09111152174996,1.76239893872166e-81,2.40426028060177e-81
Pou1f1,3.67381341325125,3.12665054005515,4.27811529161601,1.15164060091813e-185,2.3730776018919e-185
Pou2f2,3.17438690220587,2.73347241558522,3.56664452072338,8.58723168969913e-128,1.40316318182884e-127
Pou6f2,3.9356603537092,3.43570551229984,4.43262935656886,5.77855811593725e-220,1.31996004508748e-219
Pou5f1,5.27830239607178,3.89495460585187,6.49466607834101,0,0
Pou2f1,3.06298620760084,2.52552129026998,3.61929534904365,2.98352757427955e-116,4.51616160216287e-116
Pou3f1,4.16984653896756,3.6181724874592,4.70240515060916,6.39943273592983e-253,1.64450538911685e-252
LINE1488,3.62126727886755,3.12195250413331,4.06863216625862,4.15241964528428e-179,8.24885160995799e-179
LINE15940,3.45381271004572,2.96207083288596,3.92164779852443,6.06407922491565e-159,1.10986460348353e-158
LINE15941,17.3247173602017,12.0742520942905,21.925304215938,0,0
LINE15942,3.15319103828707,2.50735201442998,3.71820656134254,1.47393339606566e-125,2.36471347027594e-125
Hsf2,1.79375262276018,1.38756643742868,2.21694401701302,1.18266826679784e-21,1.30358946115872e-21
Hsf1,3.12920516350701,2.13388589437529,3.96841052278794,4.73471680355766e-123,7.47408866847317e-123
Hsf4,2.7575070791782,1.92235360675901,3.46842255396853,3.29332504168079e-87,4.55602400132367e-87
Hsfy2,1.3826906429037,1.16501639392469,1.59126550547758,8.63045639517777e-07,8.87130634108971e-07
Irf9,7.03778153455493,5.57791465132608,8.4100068724145,0,0
Irf3,5.20772972723537,4.28005352631602,6.06893682598471,0,0
Irf1,20.1637633485448,17.7108136923387,22.4129310421045,0,0
Irf4,9.17350173664033,7.02958445680051,11.1329343751572,0,0
Irf7,7.29885750556489,6.41317961872674,8.13277982000392,0,0
Irf6,3.836559879639,2.75503668570831,4.84053951865185,1.14977719506598e-206,2.54737604119881e-206
Irf5,6.7808256291458,5.25638070879037,8.20472719093355,0,0
Irf2,15.5622201009276,12.8828038649193,17.8169387025225,0,0
Naif1,4.40537963127624,3.48887613916861,5.08166338386327,3.19566301664008e-288,9.05437854714689e-288
Mef2c,9.24495608222366,7.98323401550936,10.2104661385949,0,0
Srf,2.78111569194147,2.31151308639477,3.18862594985027,2.57260799165843e-89,3.60409740828218e-89
Mef2a,10.2336345332655,8.85286599900609,11.3852300444818,0,0
Mbd2,2.92945457358585,2.50091907981057,3.29692672503141,4.38565749220244e-103,6.4723225761385e-103
Mecp2,3.10246524778201,2.50664981803795,3.60293186390588,2.7696714729857e-120,4.28789769197786e-120
Mybl2,2.52418497328961,2.18522822303631,2.83666213732922,1.22773709571012e-67,1.60313086057274e-67
Myb,1.8326999289739,1.57799322245902,2.07866895048488,1.70819313456841e-23,1.89942481881569e-23
Cdc5l,2.13210285023283,1.83301539669744,2.37187200435521,5.41227358203657e-40,6.43071215930151e-40
Smarcc2,2.82354298881914,2.39890754399247,3.20015568350578,3.67495648898943e-93,5.2313390278046e-93
Mybl1,2.1894057881901,1.8944085108713,2.48845274236293,1.29614755643359e-43,1.56743425429179e-43
Terf2,1.43321037676629,1.02097076176567,1.79616042274504,3.76637202542406e-08,3.89412031634487e-08
Mypop,1.98069233370773,1.69662705939935,2.23211450292447,3.89864756786994e-31,4.49335651890095e-31
Prdm11,1.57377472740726,1.30705039361713,1.82062360187059,1.22505209060129e-12,1.28922148582326e-12
Gm239,2.21753369422132,1.80243411360808,2.603143301955,1.91468346359853e-45,2.32817081405929e-45
Gm98,1.78368046838573,1.57572510965717,1.97409725165154,3.44384060373113e-21,3.7771155008664e-21
Pparg,4.06392074448674,3.27636254873664,4.79408797700389,9.5072022392931e-238,2.28379532052584e-237
Rarg,9.84806973277205,8.25557831252192,11.2390631777431,0,0
Nr1h3,4.91197038751438,4.04227555186267,5.64837376166661,0,0
Ppard,6.47575456538266,4.89782851722321,7.89325819576224,0,0
Nr2f6,9.75881366361802,8.19457613561376,11.0180883601938,0,0
Nr1i3,3.2258812412356,2.67590547942901,3.82611471271171,2.68690082508162e-133,4.43966416705075e-133
Nr2c2,4.93910579905337,4.19710038148723,5.55982812709886,0,0
Nr2c1,9.15354678618509,7.60107167854958,10.3228061858897,0,0
Rxrg,6.16728189166297,5.26271312907882,6.91759836240563,0,0
Rxra,7.35943507531589,6.23204131853455,8.29006881998847,0,0
Rarb,8.73328102998998,7.48390564717178,9.72196831197687,0,0
Hnf4g,4.80514539402117,3.83611657228764,5.65015932347647,0,0
Hnf4a,1.75472384877629,1.50000810736321,1.97776722641145,6.98989448236872e-20,7.5909910594766e-20
Esr1,7.84141770168999,6.58606969516497,8.98694497823484,0,0
Nr2e1,2.50381691723157,1.96089747620002,2.96260622844223,4.88179386677546e-66,6.30000843537154e-66
Esr2,6.84245326467634,5.60162260868675,7.89077434548254,0,0
Esrrb,6.65638054393806,5.63543142642885,7.60020891976248,0,0
Ppara,5.45125445641242,3.98883032527825,6.75321444970326,0,0
Vdr,2.29542306281527,1.94499017732881,2.57721413704648,1.07504790155354e-50,1.3347504845131e-50
Nr1i2,2.74922642801828,2.15532038482038,3.41991164643629,1.78344512478724e-86,2.45954054650846e-86
Nr3c1,2.7274914639234,2.2617511080547,3.15608665558913,1.45642162546723e-84,2.00541544690503e-84
Esrra,7.50757035287478,6.37458612186089,8.57093586789844,0,0
Nr5a2,7.52563836606898,6.42702607300256,8.52911451801689,0,0
Esrrg,8.34939879446772,7.06909664319319,9.61778248513853,0,0
Nr4a2,7.79133478518392,6.36952800932407,9.27285228974143,0,0
Rorc,15.2757234142538,5.94838999255542,21.4858371891988,0,0
Nr4a3,6.87964190214877,5.87540702428394,7.75189141129964,0,0
Nr2f2,6.97596231533288,5.72626032476338,8.0487431881375,0,0
Nr3c2,1.58515734595402,1.35418732572364,1.79886786769879,4.79087678634522e-13,5.0538604762878e-13
Rora,10.8956763185653,5.38612693723049,15.0154332362335,0,0
Nr2e3,1.83410516881833,1.44315114425313,2.22387788876688,1.46148103703052e-23,1.62714009664356e-23
Rorb,8.09813760215371,4.78409961326432,10.8213979125641,0,0
Rara,8.09705826704557,6.92908947259893,9.05317760361707,0,0
Rxrb,6.68076353075322,5.7439654095061,7.4353352228769,0,0
Ar,3.42739687467193,2.84683005286258,3.97246792123965,7.27249795165781e-156,1.30139437029666e-155
Nr1h2,4.91197038751438,4.04227555186267,5.64837376166661,0,0
Nr6a1,3.11857870599834,2.62285325727487,3.47833951954636,6.00385421162629e-122,9.44378491650826e-122
Nr2f1,6.99056811657373,5.91415985766693,7.96636642997745,0,0
Trp73,2.39287857446358,1.51661614715408,3.45710708358998,1.22818950436869e-57,1.55994184175564e-57
Trp53,2.52108874676557,2.04115961035545,2.95299734153985,2.15468927258248e-67,2.80522137991593e-67
Pax9,8.99427840976359,6.88180895869622,10.6508894787427,0,0
Pax5,13.5368013584064,10.1437362783127,16.1013574811636,0,0
Lcor,3.46274703272298,2.1996177774415,4.7492215266747,5.43391429328249e-160,1.00493310361124e-159
Nfat5,6.51978116335235,5.46912078411323,7.36372760671842,0,0
Rel,23.2555361169437,15.6720477832834,30.4826900040411,0,0
Rela,23.9103762383976,16.9838965105875,30.7549786461004,0,0
Nfkb2,16.4095234064824,12.2702464910402,20.9131731242111,0,0
Nfatc2,7.13079515916551,5.6041586940179,8.49923947608954,0,0
Nfkb1,28.9337357422277,18.8057254901482,39.8479967175381,0,0
Nfatc3,6.2856922350995,5.11207916395338,7.2581129805491,0,0
Nfatc1,6.53213154377841,5.21038511976146,7.58469197153131,0,0
Rfx5,3.16256139313772,2.76717482782152,3.54652163782502,1.52345263844988e-126,2.4801696729092e-126
Rfx6,3.66051342085622,3.06671907340137,4.21594163543936,5.3863659181779e-184,1.09209804396084e-183
Rfx4,4.04357260680762,3.2944980400417,4.70987629569881,6.95615242239766e-235,1.66195641659447e-234
Rfx2,4.67346866378676,3.94284254139263,5.32475078194405,0,0
Rfx1,4.76123032889399,4.01616218624498,5.43182531623334,0,0
Rfx7,3.51046111134103,2.82845599951616,4.1247677841839,1.21953191794385e-165,2.28403859208128e-165
Rfx3,3.66275410514361,2.92207401061264,4.3385041781906,2.8212436582497e-184,5.73328596297181e-184
Rfx8,4.67346866378676,3.94284254139263,5.32475078194405,0,0
Runx1,22.4476976818373,19.8845123730032,24.70394771642,0,0
Runx2,20.4442117400209,18.4229533570282,22.3383561155476,0,0
Sp100,1.49948572858033,1.26322802400442,1.682878689397,3.86623790846991e-10,4.0208874248087e-10
Gmeb1,3.8558296387022,3.26769873923425,4.44362323922141,3.19842906395429e-209,7.12194280235666e-209
Gmeb2,3.70127619767546,3.18503437712473,4.18690497637118,3.8983358920345e-189,8.08950452713261e-189
Sp140,1.259937533732,1.07116800199068,1.42751558762878,0.000461877771148973,0.000469310287006543
Sp110,5.47130035948983,4.61395408898798,6.22942392203318,0,0
AC1689771,5.47130035948983,4.61395408898798,6.22942392203318,0,0
LINE1685,1.259937533732,1.07116800199068,1.42751558762878,0.000461877771148973,0.000469310287006543
LINE1686,1.037314380411,0.87766260897932,1.18024693304931,0.296528435112882,0.296864254405196
Nfix,10.825460693744,8.65998263920876,12.5640529372035,0,0
Smad3,3.01194940006966,2.06276467013415,3.84273293029411,3.92131274133101e-111,5.86538149464739e-111
Nfic,11.2021418606805,7.66249672089663,14.6535030718426,0,0
Sox9,5.32381066318305,1.86195666905033,9.23508014597976,0,0
Tcf7,13.8608068698119,12.2136356348539,15.1926325210816,0,0
Hbp1,1.90441774708287,1.62654361474227,2.10675865210698,4.53561838080139e-27,5.10112805169011e-27
Cic,7.25208609197055,5.52369803111782,9.0121615836698,0,0
Hmg20b,2.54563448496455,2.18022116847503,2.91223244283506,2.43024621931551e-69,3.19693103850433e-69
Bbx,1.98028713709072,1.69601045722593,2.22526992029553,4.10412559336551e-31,4.72401956319676e-31
Sox8,5.07348040323639,1.96343084144923,8.99370724462675,0,0
Tcf7l2,20.5321708799539,17.6234714021806,22.9509061957984,0,0
Sox17,2.26892544991167,1.97162495916914,2.53055515054823,7.03926404068204e-49,8.67881368474606e-49
Lef1,21.3445609837643,18.3753606077495,23.7960184591771,0,0
Sox10,4.30642991749167,1.8660596837328,7.47924092077619,3.96010059269626e-273,1.08718289563463e-272
Sox30,4.12985869779213,1.79910814838981,7.0838800048614,3.84691818200364e-247,9.57936809265133e-247
Sox15,4.66740742333132,2.03003575995241,7.99683825905357,0,0
Sox5,4.6819805568717,1.78454683679848,8.27207636254819,0,0
Sox3,3.95904031983571,1.99853761433721,6.46259910580747,3.69939262908659e-223,8.538545911521e-223
Sox18,4.36404532787015,1.8513353834362,7.49242659030124,7.1718858796512e-282,1.98744423749582e-281
Sox12,5.02940621509061,2.07475209120372,8.75577657237816,0,0
Sox6,4.10893319493633,1.84905519529375,6.94884712326694,3.84030567440349e-244,9.45635157708269e-244
Sox14,4.00724949800385,1.85080014966279,6.60065584791205,8.22530664339101e-230,1.93897895273537e-229
Tcf7l1,17.1287516324995,14.7376134569722,19.0652810448806,0,0
Sox21,4.92620120365576,1.8080111575917,8.71609161818549,0,0
Sox7,5.07348040323639,1.96343084144923,8.99370724462675,0,0
Sox11,4.81780617585149,1.99067823537826,8.27329306433652,0,0
Sry,4.64500934582932,1.80920194343059,8.15157733572716,0,0
Sox13,3.81567890671088,1.4327165145371,6.74783330589599,6.50854755950352e-204,1.42768140014916e-203
Sox2,3.2493853648367,2.59999412250857,3.90973312491948,7.60577259205411e-136,1.26381634800298e-135
Sox4,5.77649850466501,4.40443040008225,7.31376301234903,0,0
ENSMUSG00000079994,1.78347796537799,1.47906867290733,2.05583863100678,3.51824274509211e-21,3.85393629078244e-21
Stat6,3.39975699470552,2.88235687918701,3.81416255432846,1.13088235790759e-152,1.99940000878061e-152
Stat3,5.94277960873042,4.26220714910845,7.41985321905613,0,0
Stat5a,5.5591937940705,4.39083592590369,6.55524771829569,0,0
Stat5b,5.96431892893243,4.74802050248391,6.97240633667642,0,0
Stat1,5.40263730013625,4.15195168269439,6.56200658312378,0,0
Stat2,18.9735578705297,16.0898738612742,21.3578745528349,0,0
Stat4,5.28379649489297,4.20864699126611,6.27390208441519,0,0
Tbx2,20.8936233783846,16.5414027716427,24.075976252284,0,0
Tbx4,18.9241832474257,15.8176739642186,21.231090538369,0,0
Tbx21,6.02882270152127,4.59381481176164,7.18071985697192,0,0
Tbx1,19.2779529844013,14.6833584640815,22.8382573485838,0,0
Tbx5,18.9241832474257,15.8176739642186,21.231090538369,0,0
Tbx3,20.7116992089722,16.5696623465269,23.7537117166188,0,0
Tbx19,4.2881808631533,3.50638186042164,4.92982012890168,2.18663963344651e-270,5.92941544775067e-270
Tbx20,21.1662805958738,16.5446464818275,24.5433508231486,0,0
Eomes,21.1188378952817,16.8780697243452,24.428000110442,0,0
Tbr1,18.2847285842464,13.80655874621,21.631270049279,0,0
Tbx10,19.2779529844013,14.6833584640815,22.8382573485838,0,0
T,12.2397318647901,9.69573505655796,14.2273563517157,0,0
Tbp,2.42530195190894,2.08191018927124,2.7390244651894,4.88215174752712e-60,6.21876389742648e-60
Tbpl2,2.42530195190894,2.08191018927124,2.7390244651894,4.88215174752712e-60,6.21876389742648e-60
Prkrir,1.42364778606507,1.22900453605881,1.58056769365504,6.97904895507316e-08,7.2073356031363e-08
Spz1,1.84972188488769,1.5748325769992,2.08372910729876,2.54489270757257e-24,2.84051155744211e-24
Hmga1,2.4517487848225,1.95876889370037,2.90355270683748,4.9776710169612e-62,6.36796118522966e-62
Hmga1rs1,2.4517487848225,1.95876889370037,2.90355270683748,4.9776710169612e-62,6.36796118522966e-62
Myf5,13.2952631647097,10.3586247364581,15.9683269446627,0,0
Mlxipl,3.57134780951495,3.01793624076828,4.13954275617444,5.57341034746805e-173,1.0664274344506e-172
Ascl1,16.4637799459768,12.9968595220527,19.4500832231294,0,0
Tal2,2.65608324071213,2.2207746828633,3.08183779286931,2.02392629341807e-78,2.72321285141793e-78
Tal1,14.2390417206061,10.6344299089937,18.0173063283096,0,0
Lyl1,14.2390417206061,10.6344299089937,18.0173063283096,0,0
Neurod1,2.24690300845202,1.92147781301518,2.53341145040444,2.15535545009304e-47,2.64262720926802e-47
Twist1,2.31927154941853,1.95052198410293,2.66502124251735,2.34800405665734e-52,2.93999374799587e-52
Neurod6,2.24690300845202,1.92147781301518,2.53341145040444,2.15535545009304e-47,2.64262720926802e-47
Neurod4,2.24690300845202,1.92147781301518,2.53341145040444,2.15535545009304e-47,2.64262720926802e-47
Ddit3,2.58204605904345,1.8876759947184,3.04488851149106,2.81392055393324e-72,3.72381103245057e-72
Batf3,12.4463842356979,9.46443416706295,15.6797621833076,0,0
Batf,12.4463842356979,9.46443416706295,15.6797621833076,0,0
Atf5,13.8211750875282,10.2252556911194,16.3431804196591,0,0
Mafa,7.65698704846846,5.80386948389658,9.6473590364884,0,0
Maf,7.65698704846846,5.80386948389658,9.6473590364884,0,0
Klf6,8.93203624548022,7.98637311161805,9.81118820651017,0,0
Bcl11a,32.4684645077397,28.8724093852737,35.7884182000163,0,0
Ikzf4,6.80279681388339,4.64593833503107,8.484258771569,0,0
Hivep2,17.5242254115851,12.3270836783342,22.776900964747,0,0
Klf11,7.06179561360145,6.24482363891363,7.88159011354842,0,0
Snai2,23.5468073412059,19.6000920922073,26.9184715851836,0,0
Zfp148,5.41075380893485,4.11940537887854,6.67999114541513,0,0
Gli1,3.7099049476704,3.06069862185778,4.27959586784663,3.12117458354502e-190,6.52273837317683e-190
Sp3,7.50363191260839,6.61027606488149,8.42487782924093,0,0
Hivep3,17.5242254115851,12.3270836783342,22.776900964747,0,0
Klf3,8.93203624548022,7.98637311161805,9.81118820651017,0,0
Rest,1.84565677892859,1.53687332796192,2.11064649323103,4.02142633470815e-24,4.48290148787138e-24
Klf15,4.51928917753191,3.73464671048594,5.23010909509558,4.56690399824965e-306,1.32800761001733e-305
Maz,4.59326191851864,3.583341110767,5.52664992172771,6.34333847089451e-318,1.8629604850668e-317
Zbtb7a,3.57544136513483,3.08886425470935,3.99560628875932,1.76743533650937e-173,3.38918186003098e-173
Ovol2,1.71640613344467,1.39020358155304,2.00943412781819,3.25438165158424e-18,3.5255801225496e-18
Klf10,5.90123247689525,5.16606251193794,6.57418358107104,0,0
Zfp384,3.16389779462217,2.36877054255178,3.83124434896553,1.10145267751817e-126,1.7964652526311e-126
Zbtb7c,3.57544136513483,3.08886425470935,3.99560628875932,1.76743533650937e-173,3.38918186003098e-173
Mbtps2,4.13108682409764,3.4646123909807,4.76050237365148,2.56185581085723e-247,6.39740264632145e-247
Bcl11b,32.4684645077397,28.8724093852737,35.7884182000163,0,0
Gli2,3.7099049476704,3.06069862185778,4.27959586784663,3.12117458354502e-190,6.52273837317683e-190
Zfp219,4.96579152151546,4.14512247701384,5.68259058852546,0,0
Klf13,7.06179561360145,6.24482363891363,7.88159011354842,0,0
Glis3,4.51605230055412,3.8570702229344,5.08516327365732,1.49155715065151e-305,4.32307056123258e-305
Klf2,8.93203624548022,7.98637311161805,9.81118820651017,0,0
Ctcfl,10.744793078023,8.97855940327993,12.0769622115863,0,0
Ybx2,1.18272258379094,0.965174962388882,1.39173835038599,0.00895916428352777,0.00903067414668021
Ybx1,1.18272258379094,0.965174962388882,1.39173835038599,0.00895916428352777,0.00903067414668021
Csda,1.18272258379094,0.965174962388882,1.39173835038599,0.00895916428352777,0.00903067414668021
Rbpj,3.63113147358244,3.19477654106335,3.99148390693063,2.48733672782834e-180,4.95226501666724e-180
Rbpsuhrs3,3.63113147358244,3.19477654106335,3.99148390693063,2.48733672782834e-180,4.95226501666724e-180
Onecut1,2.17477818335821,1.8755133507647,2.41497228207991,1.12403287562222e-42,1.3518980436055e-42
Onecut2,2.17477818335821,1.8755133507647,2.41497228207991,1.12403287562222e-42,1.3518980436055e-42
Ets2,5.34760554244598,4.61196471853425,5.9613788592381,0,0
Foxn3,4.59932376597115,3.90307084960481,5.26593030220454,6.62635903545821e-319,1.95256719499044e-318
Foxn2,4.36797829086319,3.63644167046525,5.02413142681206,1.79548167662078e-282,4.99121321425398e-282
Foxa3,5.01419193700239,4.32539034019673,5.69054604341745,0,0
Foxl2,4.36797829086319,3.63644167046525,5.02413142681206,1.79548167662078e-282,4.99121321425398e-282
Foxd4,4.69625228908021,3.84335942286762,5.43379341670571,0,0
ENSMUSG00000090020,4.36797829086319,3.63644167046525,5.02413142681206,1.79548167662078e-282,4.99121321425398e-282
Gcm2,1.22568595661338,1.04155174914466,1.40510858201823,0.00189273649544295,0.00192098629388239
Ubp1,3.32383849152342,2.8236177864316,3.87496970128548,4.59996996680151e-144,7.81994894356256e-144
Six5,2.66242588642279,2.34392227217382,2.94439504665317,5.87767832037114e-79,7.93262234382914e-79
Nkx62,3.4382306125188,2.91823108147918,3.93214622284103,4.00239455738559e-157,7.2502393211657e-157
Prrxl1,3.44008996794552,3.00221953948372,3.8556047974598,2.43057163923398e-157,4.41196166136107e-157
Pou4f2,3.48925229407317,2.95510258032769,4.07482500264948,4.05817274111744e-163,7.55247305925856e-163
Pou4f1,3.48925229407317,2.95510258032769,4.07482500264948,4.05817274111744e-163,7.55247305925856e-163
Mef2d,9.65095432355738,8.37404596660551,10.7492206830948,0,0
Smarcc1,23.5122108493132,20.1120834801733,26.4479643282454,0,0
Nr1d1,18.1604118653732,6.93217112428963,25.4021383140213,0,0
Nr1d2,18.1604118653732,6.93217112428963,25.4021383140213,0,0
Thrb,3.63290220482458,3.06247624639572,4.14468703994933,1.49920887922349e-180,3.01204693007629e-180
Nr4a1,8.10167253709848,6.83791015353695,9.34946159237206,0,0
Nr5a1,7.52563836606898,6.42702607300256,8.52911451801689,0,0
Pgr,2.80278051826302,1.76021042219926,3.78163818348701,2.85921390462759e-91,4.03761196755717e-91
Nr1h4,9.04786200825058,7.78067307748046,10.1200515359408,0,0
Nr1h5,9.04786200825058,7.78067307748046,10.1200515359408,0,0
Thra,3.63290220482458,3.06247624639572,4.14468703994933,1.49920887922349e-180,3.01204693007629e-180
Trp63,3.07000832042243,2.2706067787552,4.11963420171209,5.78286933600549e-117,8.81389050522217e-117
Pax8,9.05930595714383,6.76198951836127,10.8447341075525,0,0
Pax1,9.05930595714383,6.76198951836127,10.8447341075525,0,0
Relb,20.040660991851,13.7515967712824,26.3659776632234,0,0
Nfatc4,6.2856922350995,5.11207916395338,7.2581129805491,0,0
Runx3,22.4476976818373,19.8845123730032,24.70394771642,0,0
Nfib,5.4725085169189,3.952508093808,6.9276482108696,0,0
Smad4,1.5108270765192,1.29957597761379,1.70753223220869,1.67520478504671e-10,1.74632196931756e-10
Smad2,3.01194940006966,2.06276467013415,3.84273293029411,3.92131274133101e-111,5.86538149464739e-111
Nfia,5.4725085169189,3.952508093808,6.9276482108696,0,0
Smad1,2.84346037509428,2.51788190887332,3.14495690035554,5.42573794403796e-95,7.76108793289573e-95
Tbx15,7.26575925033502,5.87828025924244,8.40118134803144,0,0
Tbx22,7.26575925033502,5.87828025924244,8.40118134803144,0,0
Tbx18,7.26575925033502,5.87828025924244,8.40118134803144,0,0
Tead3,3.33365884937572,1.57711682309323,4.96052353908019,3.64852744222186e-145,6.26271506587208e-145
Tead4,6.97871405749388,3.37193296036767,10.3093421779185,0,0
Hif3a,6.78002359934184,5.89639178891888,7.61291201288131,0,0
Creb3,7.92621958401232,6.76013191416946,8.95313246753151,0,0
Nfe2l3,4.03671513311656,3.39205635796079,4.56911474472393,6.36820908205714e-234,1.51330559906949e-233
Wt1,4.72919300673778,3.87222165798474,5.50049701678727,0,0
E4f1,4.9919663934841,4.31592493975504,5.57681733007785,0,0
Klf16,7.06179561360145,6.24482363891363,7.88159011354842,0,0
Zfp42,4.13108682409764,3.4646123909807,4.76050237365148,2.56185581085723e-247,6.39740264632145e-247
LINE3883,5.09147080775867,4.4336176424362,5.67856940088832,0,0
LINE3877,1.38335404450396,1.17329688713939,1.55044930247678,8.2996113688742e-07,8.54116001174016e-07
LINE3878,7.95694152404444,6.68519848111511,9.10363088709823,0,0
Dmrta2,1.48368710401013,1.23808821033842,1.70323823551602,1.20825173477994e-09,1.25510520980666e-09
Foxm1,4.6646423722623,3.84046698651378,5.5072524151556,0,0
Mixl1,3.11838517866499,2.67131469940522,3.56901543614523,6.28749695114082e-122,9.87237531937564e-122
Mef2b,9.65095432355738,8.37404596660551,10.7492206830948,0,0
Smad5,2.84346037509428,2.51788190887332,3.14495690035554,5.42573794403796e-95,7.76108793289573e-95
Smad9,3.01194940006966,2.06276467013415,3.84273293029411,3.92131274133101e-111,5.86538149464739e-111
